time,frequency,confidence
0.000,285.108,0.088547
0.100,262.171,0.971105
0.200,261.766,0.964057
0.300,261.649,0.961456
0.400,260.941,0.942834
0.500,262.043,0.968309
0.600,261.379,0.956385
0.700,261.943,0.969709
0.800,262.465,0.970509
0.900,259.048,0.966492
1.000,263.411,0.960016
1.100,259.451,0.971793
1.200,262.538,0.969598
1.300,262.462,0.971347
1.400,259.192,0.970911
